{
  "metadata": {
    "run_tag": "run_h8_3_gist",
    "version": "v1",
    "direction_id": 0,
    "direction_slug": "gist",
    "revision": 80170
  },
  "config_slug": "gist-big",
  "status": "ok",
  "golden_slug": "ref-pytorch",
  "impls": {
    "gen-cuda": {
      "performance": {
        "metadata": {
          "rank": 3,
          "shape_kind": "3d",
          "input_size": 37748736,
          "shape": [
            1536,
            128,
            192
          ]
        },
        "latency_ms": {
          "min": 3.669824,
          "p10": 3.673536,
          "p25": 3.674848,
          "p50": 3.682944,
          "p75": 3.69328,
          "p90": 3.69856,
          "max": 3.707008,
          "mean": 3.685067
        },
        "raw_latencies_ms": [
          3.695232,
          3.691808,
          3.698304,
          3.69856,
          3.694208,
          3.707008,
          3.69328,
          3.70608,
          3.690464,
          3.691744,
          3.68096,
          3.6728,
          3.674368,
          3.680096,
          3.679744,
          3.684384,
          3.685152,
          3.674432,
          3.674848,
          3.686784,
          3.682944,
          3.679136,
          3.673536,
          3.669824,
          3.680224,
          3.674048,
          3.676832
        ],
        "runs": 27
      },
      "correctness": {
        "passed": true,
        "max_abs_error": 0.03125,
        "mean_abs_error": 3.1543540899292566e-06
      }
    },
    "ref-pytorch": {
      "performance": {
        "metadata": {
          "hardware": "NVIDIA H100",
          "device": "cuda"
        },
        "latency_ms": {
          "min": 21.770784378051758,
          "p10": 21.770784378051758,
          "p25": 21.776479721069336,
          "p50": 21.793935775756836,
          "p75": 21.98303985595703,
          "p90": 21.98303985595703,
          "max": 21.98303985595703,
          "mean": 21.835423946380615,
          "std": 0.1000344854666551
        },
        "runs": 4
      },
      "correctness": null
    }
  }
}
