{
  "metadata": {
    "run_tag": "run_h8_3_gist",
    "version": "v1",
    "direction_id": 0,
    "direction_slug": "gist",
    "revision": 80012
  },
  "config_slug": "gist-big",
  "status": "ok",
  "golden_slug": "ref-pytorch",
  "impls": {
    "gen-cuda": {
      "performance": {
        "metadata": {
          "rank": 3,
          "shape_kind": "3d",
          "input_size": 37748736,
          "shape": [
            1536,
            128,
            192
          ]
        },
        "latency_ms": {
          "min": 3.77472,
          "p10": 3.779136,
          "p25": 3.784192,
          "p50": 3.792288,
          "p75": 3.795744,
          "p90": 3.798816,
          "max": 3.802144,
          "mean": 3.790166
        },
        "raw_latencies_ms": [
          3.77472,
          3.793504,
          3.791296,
          3.798272,
          3.802144,
          3.795808,
          3.785536,
          3.793664,
          3.794944,
          3.794048,
          3.798816,
          3.796384,
          3.798912,
          3.795744,
          3.788192,
          3.781792,
          3.783168,
          3.779136,
          3.790592,
          3.78592,
          3.792288,
          3.782944,
          3.791392,
          3.7776,
          3.784192,
          3.793312
        ],
        "runs": 26
      },
      "correctness": {
        "passed": true,
        "max_abs_error": 0.03125,
        "mean_abs_error": 3.1543540899292566e-06
      }
    },
    "ref-pytorch": {
      "performance": {
        "metadata": {
          "hardware": "NVIDIA H100",
          "device": "cuda"
        },
        "latency_ms": {
          "min": 21.8143367767334,
          "p10": 21.8143367767334,
          "p25": 21.820608139038086,
          "p50": 21.825632095336914,
          "p75": 21.922752380371094,
          "p90": 21.922752380371094,
          "max": 21.922752380371094,
          "mean": 21.84708833694458,
          "std": 0.05088854830428993
        },
        "runs": 4
      },
      "correctness": null
    }
  }
}
