{
  "metadata": {
    "run_tag": "run_h8_3_gist",
    "version": "v1",
    "direction_id": 0,
    "direction_slug": "gist",
    "revision": 80760
  },
  "config_slug": "gist-big",
  "status": "ok",
  "golden_slug": "ref-pytorch",
  "impls": {
    "gen-cuda": {
      "performance": {
        "metadata": {
          "rank": 3,
          "shape_kind": "3d",
          "input_size": 37748736,
          "shape": [
            1536,
            128,
            192
          ]
        },
        "latency_ms": {
          "min": 3.229632,
          "p10": 3.237792,
          "p25": 3.239296,
          "p50": 3.242432,
          "p75": 3.245632,
          "p90": 3.253664,
          "max": 3.258176,
          "mean": 3.243082
        },
        "raw_latencies_ms": [
          3.229632,
          3.240032,
          3.241632,
          3.258176,
          3.247648,
          3.230944,
          3.244288,
          3.245632,
          3.240736,
          3.240992,
          3.253664,
          3.249856,
          3.246368,
          3.24448,
          3.244032,
          3.242432,
          3.239296,
          3.254016,
          3.243808,
          3.237792,
          3.243392,
          3.24096,
          3.23904,
          3.237024,
          3.252064,
          3.24224,
          3.238656,
          3.243136,
          3.239232,
          3.241248
        ],
        "runs": 30
      },
      "correctness": {
        "passed": true,
        "max_abs_error": 0.015625,
        "mean_abs_error": 0.0005366427358239889
      }
    },
    "ref-pytorch": {
      "performance": {
        "metadata": {
          "hardware": "NVIDIA H100",
          "device": "cuda"
        },
        "latency_ms": {
          "min": 19.44086456298828,
          "p10": 19.44086456298828,
          "p25": 19.44316864013672,
          "p50": 19.44430446624756,
          "p75": 19.452640533447266,
          "p90": 19.452640533447266,
          "max": 19.452640533447266,
          "mean": 19.445528507232666,
          "std": 0.005096078471611233
        },
        "runs": 4
      },
      "correctness": null
    }
  }
}
