{
  "metadata": {
    "run_tag": "run_h8_3_gist",
    "version": "v1",
    "direction_id": 0,
    "direction_slug": "gist",
    "revision": 3045
  },
  "config_slug": "gist-big",
  "status": "ok",
  "golden_slug": "ref-pytorch",
  "impls": {
    "gen-cuda": {
      "performance": {
        "metadata": {
          "rank": 3,
          "shape_kind": "3d",
          "input_size": 37748736,
          "shape": [
            1536,
            128,
            192
          ]
        },
        "latency_ms": {
          "min": 3.465216,
          "p10": 3.467232,
          "p25": 3.469952,
          "p50": 3.478432,
          "p75": 3.481344,
          "p90": 3.485536,
          "max": 3.49488,
          "mean": 3.477077
        },
        "raw_latencies_ms": [
          3.469792,
          3.476544,
          3.480992,
          3.489856,
          3.482112,
          3.479104,
          3.480032,
          3.483808,
          3.48128,
          3.481504,
          3.49488,
          3.485536,
          3.478496,
          3.480096,
          3.483936,
          3.469952,
          3.465792,
          3.473088,
          3.467808,
          3.469088,
          3.471264,
          3.467232,
          3.465216,
          3.481344,
          3.477024,
          3.475008,
          3.468288,
          3.477728,
          3.478432
        ],
        "runs": 29
      },
      "correctness": {
        "passed": true,
        "max_abs_error": 0.03125,
        "mean_abs_error": 3.1543540899292566e-06
      }
    },
    "ref-pytorch": {
      "performance": {
        "metadata": {
          "hardware": "NVIDIA H100",
          "device": "cuda"
        },
        "latency_ms": {
          "min": 21.76982307434082,
          "p10": 21.76982307434082,
          "p25": 21.776351928710938,
          "p50": 21.796287536621094,
          "p75": 21.92812728881836,
          "p90": 21.92812728881836,
          "max": 21.92812728881836,
          "mean": 21.822631359100342,
          "std": 0.07325971384383746
        },
        "runs": 4
      },
      "correctness": null
    }
  }
}
