{
  "metadata": {
    "run_tag": "run_h8_3_gist",
    "version": "v1",
    "direction_id": 0,
    "direction_slug": "gist",
    "revision": 80640
  },
  "config_slug": "gist-big",
  "status": "ok",
  "golden_slug": "ref-pytorch",
  "impls": {
    "gen-cuda": {
      "performance": {
        "metadata": {
          "rank": 3,
          "shape_kind": "3d",
          "input_size": 37748736,
          "shape": [
            1536,
            128,
            192
          ]
        },
        "latency_ms": {
          "min": 3.657792,
          "p10": 3.665952,
          "p25": 3.667904,
          "p50": 3.670176,
          "p75": 3.672352,
          "p90": 3.678336,
          "max": 3.68,
          "mean": 3.670386
        },
        "raw_latencies_ms": [
          3.677184,
          3.675616,
          3.672352,
          3.665952,
          3.669376,
          3.668032,
          3.667904,
          3.67024,
          3.670176,
          3.670016,
          3.666656,
          3.669312,
          3.678336,
          3.671488,
          3.670272,
          3.668864,
          3.670368,
          3.68,
          3.669216,
          3.671136,
          3.661312,
          3.667296,
          3.670976,
          3.679328,
          3.657792,
          3.666304,
          3.674912
        ],
        "runs": 27
      },
      "correctness": {
        "passed": true,
        "max_abs_error": 0.015625,
        "mean_abs_error": 0.0005366394761949778
      }
    },
    "ref-pytorch": {
      "performance": {
        "metadata": {
          "hardware": "NVIDIA H100",
          "device": "cuda"
        },
        "latency_ms": {
          "min": 19.482080459594727,
          "p10": 19.482080459594727,
          "p25": 19.569791793823242,
          "p50": 19.573344230651855,
          "p75": 19.649343490600586,
          "p90": 19.649343490600586,
          "max": 19.649343490600586,
          "mean": 19.569528102874756,
          "std": 0.06848832433420243
        },
        "runs": 4
      },
      "correctness": null
    }
  }
}
