{
  "metadata": {
    "run_tag": "run_h8_3_gist",
    "version": "v1",
    "direction_id": 0,
    "direction_slug": "gist",
    "revision": 80770
  },
  "config_slug": "gist-big",
  "status": "ok",
  "golden_slug": "ref-pytorch",
  "impls": {
    "gen-cuda": {
      "performance": {
        "metadata": {
          "rank": 3,
          "shape_kind": "3d",
          "input_size": 37748736,
          "shape": [
            1536,
            128,
            192
          ]
        },
        "latency_ms": {
          "min": 2.642432,
          "p10": 2.647296,
          "p25": 2.65392,
          "p50": 2.664096,
          "p75": 2.670176,
          "p90": 2.677536,
          "max": 2.680512,
          "mean": 2.66312
        },
        "raw_latencies_ms": [
          2.65392,
          2.65728,
          2.642432,
          2.646848,
          2.647296,
          2.653792,
          2.64768,
          2.65072,
          2.649664,
          2.643872,
          2.6624,
          2.663488,
          2.656576,
          2.658464,
          2.656576,
          2.651584,
          2.664896,
          2.667584,
          2.669088,
          2.674976,
          2.66896,
          2.676512,
          2.670176,
          2.669088,
          2.680512,
          2.663872,
          2.673248,
          2.678464,
          2.677184,
          2.667712,
          2.664096,
          2.679136,
          2.677536,
          2.672864,
          2.666976,
          2.66832,
          2.661664
        ],
        "runs": 37
      },
      "correctness": {
        "passed": true,
        "max_abs_error": 0.015625,
        "mean_abs_error": 0.0005366427358239889
      }
    },
    "ref-pytorch": {
      "performance": {
        "metadata": {
          "hardware": "NVIDIA H100",
          "device": "cuda"
        },
        "latency_ms": {
          "min": 19.424352645874023,
          "p10": 19.424352645874023,
          "p25": 19.436159133911133,
          "p50": 19.450143814086914,
          "p75": 19.485248565673828,
          "p90": 19.485248565673828,
          "max": 19.485248565673828,
          "mean": 19.45247220993042,
          "std": 0.027489299689067635
        },
        "runs": 4
      },
      "correctness": null
    }
  }
}
