{
  "metadata": {
    "run_tag": "run_h8_3_gist",
    "version": "v1",
    "direction_id": 0,
    "direction_slug": "gist",
    "revision": 80750
  },
  "config_slug": "gist-big",
  "status": "ok",
  "golden_slug": "ref-pytorch",
  "impls": {
    "gen-cuda": {
      "performance": {
        "metadata": {
          "rank": 3,
          "shape_kind": "3d",
          "input_size": 37748736,
          "shape": [
            1536,
            128,
            192
          ]
        },
        "latency_ms": {
          "min": 3.293856,
          "p10": 3.2968,
          "p25": 3.298528,
          "p50": 3.3008,
          "p75": 3.30336,
          "p90": 3.30576,
          "max": 3.308448,
          "mean": 3.300947
        },
        "raw_latencies_ms": [
          3.301376,
          3.298144,
          3.299872,
          3.300672,
          3.297472,
          3.301888,
          3.302784,
          3.296992,
          3.296064,
          3.294496,
          3.30048,
          3.303776,
          3.300064,
          3.300416,
          3.307392,
          3.298528,
          3.299136,
          3.3008,
          3.30272,
          3.30336,
          3.30384,
          3.293856,
          3.30576,
          3.304192,
          3.308448,
          3.2968,
          3.305664,
          3.3032,
          3.299232,
          3.300992
        ],
        "runs": 30
      },
      "correctness": {
        "passed": true,
        "max_abs_error": 0.015625,
        "mean_abs_error": 0.0005366394761949778
      }
    },
    "ref-pytorch": {
      "performance": {
        "metadata": {
          "hardware": "NVIDIA H100",
          "device": "cuda"
        },
        "latency_ms": {
          "min": 19.420799255371094,
          "p10": 19.420799255371094,
          "p25": 19.426496505737305,
          "p50": 19.43385601043701,
          "p75": 19.451967239379883,
          "p90": 19.451967239379883,
          "max": 19.451967239379883,
          "mean": 19.43511962890625,
          "std": 0.014147239530255665
        },
        "runs": 4
      },
      "correctness": null
    }
  }
}
