{
  "metadata": {
    "run_tag": "run_h8_3_gist",
    "version": "v1",
    "direction_id": 0,
    "direction_slug": "gist",
    "revision": 3462
  },
  "config_slug": "gist-big",
  "status": "ok",
  "golden_slug": "ref-pytorch",
  "impls": {
    "gen-cuda": {
      "performance": {
        "metadata": {
          "rank": 3,
          "shape_kind": "3d",
          "input_size": 37748736,
          "shape": [
            1536,
            128,
            192
          ]
        },
        "latency_ms": {
          "min": 2.522656,
          "p10": 2.525728,
          "p25": 2.528896,
          "p50": 2.533856,
          "p75": 2.538592,
          "p90": 2.542752,
          "max": 2.54976,
          "mean": 2.533999
        },
        "raw_latencies_ms": [
          2.523552,
          2.533856,
          2.527104,
          2.524544,
          2.536768,
          2.532928,
          2.53552,
          2.53008,
          2.531072,
          2.536576,
          2.52736,
          2.53168,
          2.534176,
          2.525728,
          2.531936,
          2.53856,
          2.527904,
          2.526112,
          2.531488,
          2.534112,
          2.53312,
          2.5312,
          2.528416,
          2.528896,
          2.522656,
          2.534144,
          2.529504,
          2.539072,
          2.540288,
          2.538592,
          2.54976,
          2.5416,
          2.542112,
          2.540352,
          2.54432,
          2.538464,
          2.54416,
          2.535488,
          2.542752
        ],
        "runs": 39
      },
      "correctness": {
        "passed": true,
        "max_abs_error": 0.015625,
        "mean_abs_error": 0.0005366427358239889
      }
    },
    "ref-pytorch": {
      "performance": {
        "metadata": {
          "hardware": "NVIDIA H100",
          "device": "cuda"
        },
        "latency_ms": {
          "min": 19.407264709472656,
          "p10": 19.407264709472656,
          "p25": 19.436384201049805,
          "p50": 19.437935829162598,
          "p75": 19.48137664794922,
          "p90": 19.48137664794922,
          "max": 19.48137664794922,
          "mean": 19.441128253936768,
          "std": 0.03050612570032805
        },
        "runs": 4
      },
      "correctness": null
    }
  }
}
