{
  "metadata": {
    "run_tag": "run_h8_3_gist",
    "version": "v1",
    "direction_id": 0,
    "direction_slug": "gist",
    "revision": 3420
  },
  "config_slug": "gist-big",
  "status": "ok",
  "golden_slug": "ref-pytorch",
  "impls": {
    "gen-cuda": {
      "performance": {
        "metadata": {
          "rank": 3,
          "shape_kind": "3d",
          "input_size": 37748736,
          "shape": [
            1536,
            128,
            192
          ]
        },
        "latency_ms": {
          "min": 2.523392,
          "p10": 2.52928,
          "p25": 2.531936,
          "p50": 2.539008,
          "p75": 2.54288,
          "p90": 2.545728,
          "max": 2.547328,
          "mean": 2.537622
        },
        "raw_latencies_ms": [
          2.523392,
          2.533152,
          2.53184,
          2.52928,
          2.528896,
          2.53632,
          2.536384,
          2.527072,
          2.532736,
          2.532,
          2.5416,
          2.531936,
          2.534112,
          2.529856,
          2.531936,
          2.530592,
          2.53024,
          2.547328,
          2.544576,
          2.539008,
          2.54288,
          2.540224,
          2.53904,
          2.54384,
          2.54336,
          2.53744,
          2.541952,
          2.539264,
          2.546976,
          2.543168,
          2.53712,
          2.541536,
          2.539872,
          2.545088,
          2.541472,
          2.541248,
          2.545728,
          2.545824,
          2.538976
        ],
        "runs": 39
      },
      "correctness": {
        "passed": true,
        "max_abs_error": 0.015625,
        "mean_abs_error": 0.0005366427358239889
      }
    },
    "ref-pytorch": {
      "performance": {
        "metadata": {
          "hardware": "NVIDIA H100",
          "device": "cuda"
        },
        "latency_ms": {
          "min": 19.40825653076172,
          "p10": 19.40825653076172,
          "p25": 19.437631607055664,
          "p50": 19.43951988220215,
          "p75": 19.510208129882812,
          "p90": 19.510208129882812,
          "max": 19.510208129882812,
          "mean": 19.449376106262207,
          "std": 0.04317706203769186
        },
        "runs": 4
      },
      "correctness": null
    }
  }
}
