{
  "metadata": {
    "run_tag": "run_h8_3_gist",
    "version": "v1",
    "direction_id": 0,
    "direction_slug": "gist",
    "revision": 3403
  },
  "config_slug": "gist-big",
  "status": "ok",
  "golden_slug": "ref-pytorch",
  "impls": {
    "gen-cuda": {
      "performance": {
        "metadata": {
          "rank": 3,
          "shape_kind": "3d",
          "input_size": 37748736,
          "shape": [
            1536,
            128,
            192
          ]
        },
        "latency_ms": {
          "min": 2.518048,
          "p10": 2.527488,
          "p25": 2.529856,
          "p50": 2.535392,
          "p75": 2.542464,
          "p90": 2.548608,
          "max": 2.5544,
          "mean": 2.536453
        },
        "raw_latencies_ms": [
          2.518048,
          2.529344,
          2.527872,
          2.527488,
          2.52992,
          2.526336,
          2.528704,
          2.537952,
          2.536096,
          2.521152,
          2.52992,
          2.533664,
          2.533088,
          2.53024,
          2.535392,
          2.527552,
          2.532032,
          2.531392,
          2.535072,
          2.536,
          2.529856,
          2.528512,
          2.542304,
          2.538208,
          2.539808,
          2.542304,
          2.534784,
          2.54144,
          2.548608,
          2.5544,
          2.54464,
          2.542464,
          2.547072,
          2.548288,
          2.544288,
          2.549888,
          2.541568,
          2.546912,
          2.549056
        ],
        "runs": 39
      },
      "correctness": {
        "passed": true,
        "max_abs_error": 0.015625,
        "mean_abs_error": 0.0005366427358239889
      }
    },
    "ref-pytorch": {
      "performance": {
        "metadata": {
          "hardware": "NVIDIA H100",
          "device": "cuda"
        },
        "latency_ms": {
          "min": 19.41641616821289,
          "p10": 19.41641616821289,
          "p25": 19.423839569091797,
          "p50": 19.42419147491455,
          "p75": 19.465919494628906,
          "p90": 19.465919494628906,
          "max": 19.465919494628906,
          "mean": 19.432679653167725,
          "std": 0.02246281385439859
        },
        "runs": 4
      },
      "correctness": null
    }
  }
}
