{
  "metadata": {
    "run_tag": "run_h8_3_gist",
    "version": "v1",
    "direction_id": 0,
    "direction_slug": "gist",
    "revision": 97020
  },
  "config_slug": "gist-big",
  "status": "ok",
  "golden_slug": "ref-pytorch",
  "impls": {
    "gen-cuda": {
      "performance": {
        "metadata": {
          "rank": 3,
          "shape_kind": "3d",
          "input_size": 37748736,
          "shape": [
            1536,
            128,
            192
          ]
        },
        "latency_ms": {
          "min": 3.628896,
          "p10": 3.632832,
          "p25": 3.634208,
          "p50": 3.635776,
          "p75": 3.637568,
          "p90": 3.638528,
          "max": 3.641216,
          "mean": 3.635789
        },
        "raw_latencies_ms": [
          3.628896,
          3.637568,
          3.635904,
          3.633696,
          3.636832,
          3.638464,
          3.634592,
          3.632832,
          3.638464,
          3.63536,
          3.638112,
          3.630816,
          3.63664,
          3.636896,
          3.635776,
          3.633536,
          3.63696,
          3.635456,
          3.634752,
          3.634208,
          3.6408,
          3.638528,
          3.634848,
          3.641216,
          3.634464,
          3.63328,
          3.637408
        ],
        "runs": 27
      },
      "correctness": {
        "passed": true,
        "max_abs_error": 0.015625,
        "mean_abs_error": 0.0005366394761949778
      }
    },
    "ref-pytorch": {
      "performance": {
        "metadata": {
          "hardware": "NVIDIA H100",
          "device": "cuda"
        },
        "latency_ms": {
          "min": 19.417760848999023,
          "p10": 19.417760848999023,
          "p25": 19.446687698364258,
          "p50": 19.447407722473145,
          "p75": 19.472576141357422,
          "p90": 19.472576141357422,
          "max": 19.472576141357422,
          "mean": 19.446288108825684,
          "std": 0.022423270252733926
        },
        "runs": 4
      },
      "correctness": null
    }
  }
}
