{
  "metadata": {
    "run_tag": "run_h8_3_gist",
    "version": "v1",
    "direction_id": 0,
    "direction_slug": "gist",
    "revision": 88004
  },
  "config_slug": "gist-big",
  "status": "ok",
  "golden_slug": "ref-pytorch",
  "impls": {
    "gen-cuda": {
      "performance": {
        "metadata": {
          "rank": 3,
          "shape_kind": "3d",
          "input_size": 37748736,
          "shape": [
            1536,
            128,
            192
          ]
        },
        "latency_ms": {
          "min": 2.517312,
          "p10": 2.53168,
          "p25": 2.539488,
          "p50": 2.543424,
          "p75": 2.549152,
          "p90": 2.570976,
          "max": 2.578336,
          "mean": 2.545224
        },
        "raw_latencies_ms": [
          2.517312,
          2.541824,
          2.529312,
          2.543424,
          2.53168,
          2.52672,
          2.531776,
          2.5352,
          2.540352,
          2.544832,
          2.547776,
          2.543168,
          2.539072,
          2.546048,
          2.544032,
          2.544832,
          2.552,
          2.540352,
          2.551904,
          2.54944,
          2.544672,
          2.541344,
          2.548608,
          2.542816,
          2.539072,
          2.549152,
          2.550272,
          2.539488,
          2.539776,
          2.544256,
          2.545088,
          2.54336,
          2.537728,
          2.541568,
          2.555776,
          2.578336,
          2.574688,
          2.575712,
          2.570976
        ],
        "runs": 39
      },
      "correctness": {
        "passed": true,
        "max_abs_error": 0.015625,
        "mean_abs_error": 0.0005366427358239889
      }
    },
    "ref-pytorch": {
      "performance": {
        "metadata": {
          "hardware": "NVIDIA H100",
          "device": "cuda"
        },
        "latency_ms": {
          "min": 19.408639907836914,
          "p10": 19.408639907836914,
          "p25": 19.410560607910156,
          "p50": 19.43622398376465,
          "p75": 19.483327865600586,
          "p90": 19.483327865600586,
          "max": 19.483327865600586,
          "mean": 19.4411039352417,
          "std": 0.03742378452101178
        },
        "runs": 4
      },
      "correctness": null
    }
  }
}
