{
  "metadata": {
    "run_tag": "run_h8_3_gist",
    "version": "v1",
    "direction_id": 0,
    "direction_slug": "gist",
    "revision": 3313
  },
  "config_slug": "gist-big",
  "status": "ok",
  "golden_slug": "ref-pytorch",
  "impls": {
    "gen-cuda": {
      "performance": {
        "metadata": {
          "rank": 3,
          "shape_kind": "3d",
          "input_size": 37748736,
          "shape": [
            1536,
            128,
            192
          ]
        },
        "latency_ms": {
          "min": 3.543936,
          "p10": 3.551936,
          "p25": 3.55488,
          "p50": 3.564416,
          "p75": 3.568096,
          "p90": 3.58032,
          "max": 3.585568,
          "mean": 3.563808
        },
        "raw_latencies_ms": [
          3.557376,
          3.577312,
          3.585568,
          3.55456,
          3.57536,
          3.56144,
          3.564416,
          3.56784,
          3.58032,
          3.55488,
          3.566112,
          3.56256,
          3.567424,
          3.551936,
          3.55424,
          3.543936,
          3.5536,
          3.568096,
          3.546848,
          3.563488,
          3.565504,
          3.565728,
          3.572928,
          3.55728,
          3.558272,
          3.580928,
          3.564864
        ],
        "runs": 27
      },
      "correctness": {
        "passed": true,
        "max_abs_error": 0.015625,
        "mean_abs_error": 3.086702236032579e-06
      }
    },
    "ref-pytorch": {
      "performance": {
        "metadata": {
          "hardware": "NVIDIA H100",
          "device": "cuda"
        },
        "latency_ms": {
          "min": 19.41983985900879,
          "p10": 19.41983985900879,
          "p25": 19.428192138671875,
          "p50": 19.434800148010254,
          "p75": 19.46463966369629,
          "p90": 19.46463966369629,
          "max": 19.46463966369629,
          "mean": 19.438519954681396,
          "std": 0.019546446152126876
        },
        "runs": 4
      },
      "correctness": null
    }
  }
}
