{
  "metadata": {
    "run_tag": "run_h8_3_gist",
    "version": "v1",
    "direction_id": 0,
    "direction_slug": "gist",
    "revision": 95012
  },
  "config_slug": "gist-big",
  "status": "ok",
  "golden_slug": "ref-pytorch",
  "impls": {
    "gen-cuda": {
      "performance": {
        "metadata": {
          "rank": 3,
          "shape_kind": "3d",
          "input_size": 37748736,
          "shape": [
            1536,
            128,
            192
          ]
        },
        "latency_ms": {
          "min": 3.395456,
          "p10": 3.400288,
          "p25": 3.402336,
          "p50": 3.404992,
          "p75": 3.409664,
          "p90": 3.413984,
          "max": 3.42224,
          "mean": 3.406112
        },
        "raw_latencies_ms": [
          3.40048,
          3.410752,
          3.414688,
          3.403936,
          3.413984,
          3.42224,
          3.406976,
          3.403008,
          3.41312,
          3.404992,
          3.408736,
          3.404896,
          3.407456,
          3.409504,
          3.409664,
          3.40096,
          3.403168,
          3.4032,
          3.404352,
          3.400288,
          3.41248,
          3.405344,
          3.39728,
          3.400736,
          3.399968,
          3.402336,
          3.40432,
          3.395456,
          3.40512,
          3.41392
        ],
        "runs": 30
      },
      "correctness": {
        "passed": true,
        "max_abs_error": 0.015625,
        "mean_abs_error": 3.086702236032579e-06
      }
    },
    "ref-pytorch": {
      "performance": {
        "metadata": {
          "hardware": "NVIDIA H100",
          "device": "cuda"
        },
        "latency_ms": {
          "min": 19.40870475769043,
          "p10": 19.40870475769043,
          "p25": 19.426048278808594,
          "p50": 19.443599700927734,
          "p75": 19.482847213745117,
          "p90": 19.482847213745117,
          "max": 19.482847213745117,
          "mean": 19.444687843322754,
          "std": 0.033513146411552716
        },
        "runs": 4
      },
      "correctness": null
    }
  }
}
