{
  "metadata": {
    "run_tag": "run_h8_3_gist",
    "version": "v1",
    "direction_id": 0,
    "direction_slug": "gist",
    "revision": 50503
  },
  "config_slug": "gist-big",
  "status": "ok",
  "golden_slug": "ref-pytorch",
  "impls": {
    "gen-cuda": {
      "performance": {
        "metadata": {
          "rank": 3,
          "shape_kind": "3d",
          "input_size": 37748736,
          "shape": [
            1536,
            128,
            192
          ]
        },
        "latency_ms": {
          "min": 0.422752,
          "p10": 0.431296,
          "p25": 0.431904,
          "p50": 0.432384,
          "p75": 0.432864,
          "p90": 0.433568,
          "max": 0.436864,
          "mean": 0.432408
        },
        "raw_latencies_ms": [
          0.422752,
          0.436256,
          0.431232,
          0.4312,
          0.43328,
          0.432608,
          0.43152,
          0.43216,
          0.433152,
          0.432224,
          0.432608,
          0.432672,
          0.431616,
          0.433664,
          0.432416,
          0.430784,
          0.432832,
          0.433344,
          0.43104,
          0.4328,
          0.4336,
          0.431136,
          0.432992,
          0.431648,
          0.4312,
          0.43152,
          0.432192,
          0.432736,
          0.432928,
          0.435936,
          0.432832,
          0.433216,
          0.432192,
          0.4328,
          0.432256,
          0.432864,
          0.431968,
          0.432864,
          0.431648,
          0.432416,
          0.433248,
          0.433472,
          0.432512,
          0.432896,
          0.431296,
          0.431296,
          0.432224,
          0.433248,
          0.43248,
          0.43168,
          0.431936,
          0.432352,
          0.43248,
          0.436864,
          0.431904,
          0.432256,
          0.433216,
          0.432992,
          0.433248,
          0.432704,
          0.432512,
          0.431296,
          0.432896,
          0.432608,
          0.4328,
          0.432576,
          0.431968,
          0.432608,
          0.43216,
          0.432192,
          0.432064,
          0.432384,
          0.431552,
          0.431968,
          0.433824,
          0.432448,
          0.435264,
          0.43264,
          0.431904,
          0.432032,
          0.431072,
          0.432608,
          0.431264,
          0.432704,
          0.43216,
          0.432224,
          0.431424,
          0.432,
          0.43184,
          0.432768,
          0.432192,
          0.432672,
          0.432864,
          0.434272,
          0.43152,
          0.434432,
          0.434112,
          0.432096,
          0.432928,
          0.43184,
          0.433408,
          0.43568,
          0.432288,
          0.431776,
          0.430624,
          0.432224,
          0.432032,
          0.433824,
          0.432416,
          0.432384,
          0.432256,
          0.432832,
          0.43296,
          0.432128,
          0.432224,
          0.432544,
          0.431712,
          0.432416,
          0.432,
          0.433152,
          0.433568,
          0.433184,
          0.431008,
          0.433472,
          0.431904,
          0.431488,
          0.431776,
          0.431744,
          0.432352,
          0.43184,
          0.432512,
          0.432896,
          0.432192,
          0.43216,
          0.430496,
          0.43136,
          0.43296,
          0.43312,
          0.432416,
          0.433088,
          0.430592,
          0.432512,
          0.431712,
          0.431392,
          0.43232,
          0.433472,
          0.430784,
          0.432224,
          0.432128,
          0.43264,
          0.433856,
          0.432384,
          0.4312,
          0.43328,
          0.430016,
          0.433856,
          0.432,
          0.43248,
          0.43216,
          0.432224,
          0.432736,
          0.431232,
          0.431552,
          0.432512,
          0.431648,
          0.43392,
          0.433184,
          0.43248,
          0.433632,
          0.432768,
          0.431328,
          0.432352,
          0.432992,
          0.432032,
          0.431776,
          0.43152,
          0.432096,
          0.432512,
          0.432704,
          0.432544,
          0.432736,
          0.432544,
          0.43024,
          0.433536,
          0.431232,
          0.434656,
          0.431936,
          0.432096,
          0.431936,
          0.432608,
          0.432512,
          0.432768,
          0.431488,
          0.432384,
          0.43136,
          0.432512,
          0.431968,
          0.43216,
          0.43264,
          0.432768,
          0.433152,
          0.432128,
          0.431936,
          0.434304,
          0.431264,
          0.43152,
          0.432928,
          0.432128,
          0.43152,
          0.43232,
          0.432608,
          0.432064,
          0.433088,
          0.430976,
          0.436224,
          0.434016,
          0.431808,
          0.432736,
          0.433696,
          0.432096
        ],
        "runs": 220
      },
      "correctness": {
        "passed": false,
        "max_abs_error": 5.84375,
        "mean_abs_error": 0.6248251795768738
      }
    },
    "ref-pytorch": {
      "performance": {
        "metadata": {
          "hardware": "NVIDIA H100",
          "device": "cuda"
        },
        "latency_ms": {
          "min": 21.799072265625,
          "p10": 21.799072265625,
          "p25": 21.810335159301758,
          "p50": 21.830080032348633,
          "p75": 21.91878318786621,
          "p90": 21.91878318786621,
          "max": 21.91878318786621,
          "mean": 21.84450387954712,
          "std": 0.0540902392526174
        },
        "runs": 4
      },
      "correctness": null
    }
  }
}
